Blocks,1000
Threads,100
模擬次數,50000000
執行時間(ms),1132
Stops,3
盤面大小,3*3
Total Hit,27773971
Hit Frequency,0.555479
Pay Table,Hits,Frequency
No Hit,22226029,0.444521
W1.txt,5552660,0.111053
W2.txt,5554783,0.111096
W3.txt,5557881,0.111158
W4.txt,5554635,0.111093
W5.txt,5554012,0.11108
