Block计q,10
Thread计q,1000
w戳家览Ω计,100000
龟悔家览Ω计,265
磅娈啥(ms),1623
じ拉蛹,26
锣L蛹,3
X{蛹,3
い贱舱X,X{Ω计,X{诀v
W1.txt,261,0.984906
W2.txt,268,1.01132
W3.txt,264,0.996226
W4.txt,257,0.969811
W5.txt,266,1.00377
